id,time,type,x,y,hit_sound,path,repeat,length,spinner_time,new_combo,beatmap_id
2338303-0,1375,circle,101,325,0,,0,0.0,0,True,2338303
2338303-0,4708,circle,434,240,0,,0,0.0,0,True,2338303
2338303-0,5541,circle,329,310,0,,0,0.0,0,False,2338303
2338303-0,6375,circle,199,233,0,,0,0.0,0,True,2338303
2338303-0,6791,circle,252,144,0,,0,0.0,0,False,2338303
2338303-0,7104,circle,316,211,0,,0,0.0,0,False,2338303
2338303-0,7208,circle,316,211,0,,0,0.0,0,False,2338303
2338303-0,7937,circle,101,13,0,,0,0.0,0,False,2338303
2338303-0,8041,slider,71,0,0,P|3:46|28:141,1,180.400005505371,0,True,2338303
2338303-0,8770,slider,196,103,0,P|148:101|96:89,1,90.2000027526856,0,False,2338303
2338303-0,9187,circle,4,53,2,,0,0.0,0,False,2338303
2338303-0,9291,circle,10,34,10,,0,0.0,0,False,2338303
2338303-0,9500,circle,37,148,0,,0,0.0,0,False,2338303
2338303-0,9708,slider,19,289,0,B|90:327|143:272|143:272|193:286,1,180.400005505371,0,True,2338303
2338303-0,10437,slider,319,384,0,P|330:344|323:292,1,90.2000027526856,0,False,2338303
2338303-0,10854,circle,257,218,2,,0,0.0,0,False,2338303
2338303-0,10958,circle,248,201,10,,0,0.0,0,False,2338303
2338303-0,11166,circle,203,306,0,,0,0.0,0,False,2338303
2338303-0,11375,slider,248,201,0,P|334:182|430:183,1,180.400005505371,0,True,2338303
2338303-0,12104,slider,300,82,0,P|250:80|199:72,1,90.2000027526856,0,False,2338303
2338303-0,12520,circle,119,16,2,,0,0.0,0,False,2338303
2338303-0,12625,circle,137,10,10,,0,0.0,0,False,2338303
2338303-0,12833,circle,263,0,2,,0,0.0,0,True,2338303
2338303-0,13041,circle,364,17,2,,0,0.0,0,False,2338303
2338303-0,13145,circle,379,23,2,,0,0.0,0,False,2338303
2338303-0,13354,circle,485,0,2,,0,0.0,0,False,2338303
2338303-0,13458,slider,512,21,0,B|552:76|518:158,1,135.300004129028,0,False,2338303
2338303-0,13979,circle,470,234,0,,0,0.0,0,False,2338303
2338303-0,14187,circle,470,333,4,,0,0.0,0,False,2338303
2338303-0,14291,circle,493,337,8,,0,0.0,0,False,2338303
2338303-0,14500,circle,373,292,6,,0,0.0,0,True,2338303
2338303-0,14604,circle,333,277,6,,0,0.0,0,False,2338303
2338303-0,14708,circle,288,284,6,,0,0.0,0,False,2338303
2338303-0,15125,slider,288,284,0,P|240:340|169:320,1,147.599995495606,0,True,2338303
2338303-0,15958,slider,84,231,0,L|72:392,1,147.599995495606,0,False,2338303
2338303-0,16791,slider,214,252,0,L|224:104,1,147.599995495606,0,False,2338303
2338303-0,17625,circle,98,0,0,,0,0.0,0,False,2338303
2338303-0,18041,slider,16,71,0,P|-22:131|6:198,1,147.599995495606,0,True,2338303
2338303-0,18666,circle,56,139,2,,0,0.0,0,False,2338303
2338303-0,18875,slider,93,205,0,P|131:145|103:78,1,147.599995495606,0,False,2338303
2338303-0,19708,slider,236,22,0,B|270:31|270:31|316:6|383:13,2,147.599995495606,0,False,2338303
2338303-0,20750,circle,191,84,0,,0,0.0,0,False,2338303
2338303-0,20958,circle,212,154,0,,0,0.0,0,False,2338303
2338303-0,21166,circle,192,282,0,,0,0.0,0,False,2338303
2338303-0,21375,slider,116,330,0,P|176:370|249:351,1,147.599995495606,0,True,2338303
2338303-0,22208,slider,356,259,0,P|425:242|485:282,1,147.599995495606,0,False,2338303
2338303-0,22833,circle,415,320,2,,0,0.0,0,True,2338303
2338303-0,23041,slider,356,259,0,L|346:108,1,147.599995495606,0,False,2338303
2338303-0,23666,circle,342,0,2,,0,0.0,0,False,2338303
2338303-0,23875,slider,433,22,0,L|442:169,1,147.599995495606,0,False,2338303
2338303-0,24500,circle,348,184,2,,0,0.0,0,True,2338303
2338303-0,24708,slider,348,184,0,P|277:203|261:282,2,147.599995495606,0,False,2338303
2338303-0,25750,circle,332,259,2,,0,0.0,0,False,2338303
2338303-0,26062,circle,252,384,2,,0,0.0,0,False,2338303
2338303-0,26375,circle,181,260,2,,0,0.0,0,False,2338303
2338303-0,26791,slider,181,260,0,B|165:220|165:220|210:181|180:117,1,147.599995495606,0,True,2338303
2338303-0,27520,circle,96,2,8,,0,0.0,0,False,2338303
2338303-0,27625,slider,130,15,0,B|168:30|168:30|137:50,1,73.7999977478028,0,False,2338303
2338303-0,28041,slider,13,0,0,B|-10:41|-10:41|17:177,1,164.0,0,True,2338303
2338303-0,28875,circle,52,291,0,,0,0.0,0,False,2338303
2338303-0,29083,circle,52,291,0,,0,0.0,0,False,2338303
2338303-0,29291,slider,134,305,0,P|134:261|112:217,1,82.0,0,False,2338303
2338303-0,29708,slider,67,378,0,P|138:333|225:348,1,164.0,0,True,2338303
2338303-0,30541,circle,384,368,0,,0,0.0,0,False,2338303
2338303-0,30750,circle,384,368,0,,0,0.0,0,False,2338303
2338303-0,30958,slider,431,285,0,P|390:286|339:270,1,82.0,0,False,2338303
2338303-0,31375,slider,235,204,0,P|198:130|241:62,1,164.0,0,True,2338303
2338303-0,32000,circle,308,79,2,,0,0.0,0,False,2338303
2338303-0,32208,slider,350,0,0,L|340:168,1,164.0,0,False,2338303
2338303-0,32833,circle,333,270,0,,0,0.0,0,True,2338303
2338303-0,33041,slider,333,270,0,B|424:282|394:214|485:230,2,164.0,0,False,2338303
2338303-0,34083,circle,279,323,0,,0,0.0,0,False,2338303
2338303-0,34291,circle,327,384,8,,0,0.0,0,False,2338303
2338303-0,34500,circle,396,345,0,,0,0.0,0,False,2338303
2338303-0,34708,slider,279,323,0,P|263:286|264:239,1,82.0,0,True,2338303
2338303-0,35125,slider,370,111,0,P|369:151|353:189,1,82.0,0,False,2338303
2338303-0,35541,slider,220,154,0,P|157:106|74:127,1,164.0,0,False,2338303
2338303-0,36375,slider,79,122,0,L|69:222,1,82.0,0,True,2338303
2338303-0,36791,slider,158,81,0,L|168:-19,1,82.0,0,False,2338303
2338303-0,37208,slider,47,55,0,P|86:46|129:62,1,82.0,0,False,2338303
2338303-0,37625,slider,174,219,0,P|135:228|92:212,1,82.0,0,False,2338303
2338303-0,38041,slider,0,301,0,P|42:362|138:361,1,164.0,0,True,2338303
2338303-0,38666,circle,220,384,2,,0,0.0,0,False,2338303
2338303-0,38770,circle,220,384,2,,0,0.0,0,False,2338303
2338303-0,38875,slider,220,384,0,B|247:330|223:291|223:291|256:268|253:228,1,164.0,0,False,2338303
2338303-0,39500,circle,313,120,8,,0,0.0,0,False,2338303
2338303-0,39604,circle,310,102,8,,0,0.0,0,False,2338303
2338303-0,39708,circle,308,80,8,,0,0.0,0,True,2338303
2338303-0,40125,circle,308,80,0,,0,0.0,0,False,2338303
2338303-0,40541,circle,308,80,0,,0,0.0,0,False,2338303
2338303-0,40854,circle,207,50,8,,0,0.0,0,False,2338303
2338303-0,40958,slider,187,20,0,L|277:6,1,82.0,0,False,2338303
2338303-0,41375,circle,421,0,4,,0,0.0,0,True,2338303
2338303-0,41583,circle,408,172,0,,0,0.0,0,False,2338303
2338303-0,41791,circle,512,91,8,,0,0.0,0,False,2338303
2338303-0,42000,circle,422,79,0,,0,0.0,0,False,2338303
2338303-0,42208,slider,421,184,0,B|463:206|507:191|507:191|463:211|464:260,1,164.0,0,False,2338303
2338303-0,42833,circle,503,360,2,,0,0.0,0,False,2338303
2338303-0,43041,slider,503,360,0,L|416:351,1,82.0,0,False,2338303
2338303-0,43458,slider,255,384,0,P|219:309|254:242,1,164.0,0,True,2338303
2338303-0,44083,circle,253,242,0,,0,0.0,0,False,2338303
2338303-0,44291,circle,302,315,8,,0,0.0,0,False,2338303
2338303-0,44500,circle,220,322,0,,0,0.0,0,False,2338303
2338303-0,44708,slider,163,193,0,P|155:151|170:110,2,82.0,0,True,2338303
2338303-0,45333,slider,222,57,0,P|186:38|136:43,1,82.0,0,False,2338303
2338303-0,45750,circle,72,90,0,,0,0.0,0,False,2338303
2338303-0,45958,circle,101,173,8,,0,0.0,0,False,2338303
2338303-0,46166,circle,167,114,2,,0,0.0,0,False,2338303
2338303-0,46375,slider,41,0,0,P|-23:145|27:307,1,328.0,0,True,2338303
2338303-0,47416,slider,30,384,0,P|66:360|114:346,1,82.0,0,False,2338303
2338303-0,47729,circle,102,347,8,,0,0.0,0,False,2338303
2338303-0,47833,circle,102,347,8,,0,0.0,0,False,2338303
2338303-0,48041,slider,203,262,0,L|210:354,1,82.0,0,True,2338303
2338303-0,48458,slider,304,243,0,L|297:151,1,82.0,0,False,2338303
2338303-0,48875,circle,289,41,0,,0,0.0,0,False,2338303
2338303-0,49083,circle,289,41,0,,0,0.0,0,False,2338303
2338303-0,49291,slider,186,8,0,L|192:89,1,82.0,0,False,2338303
2338303-0,49708,slider,297,161,0,P|335:139|373:151,1,82.0,0,True,2338303
2338303-0,50125,slider,480,221,0,P|442:243|404:231,1,82.0,0,False,2338303
2338303-0,50541,circle,369,148,0,,0,0.0,0,False,2338303
2338303-0,50750,circle,369,148,0,,0,0.0,0,False,2338303
2338303-0,50958,slider,368,33,0,P|406:11|444:23,1,82.0,0,False,2338303
2338303-0,51375,slider,512,136,0,B|508:156|495:166|495:166|546:221|503:298,1,164.0,0,True,2338303
2338303-0,52000,slider,432,384,0,P|412:300|448:231,1,164.0,0,False,2338303
2338303-0,52625,circle,509,285,8,,0,0.0,0,False,2338303
2338303-0,52833,circle,378,311,8,,0,0.0,0,False,2338303
2338303-0,52937,circle,337,317,8,,0,0.0,0,False,2338303
2338303-0,53041,slider,298,321,0,P|287:195|215:103,2,246.0,0,True,2338303
2338303-0,54708,spinner,256,192,8,,0,0.0,56166,True,2338303
2338303-0,56375,slider,122,29,0,P|170:24|221:13,1,90.2000027526856,0,True,2338303
2338303-0,56791,slider,396,67,0,P|348:72|297:83,1,90.2000027526856,0,False,2338303
2338303-0,57208,circle,195,191,2,,0,0.0,0,False,2338303
2338303-0,57416,circle,93,122,2,,0,0.0,0,False,2338303
2338303-0,57625,circle,199,66,10,,0,0.0,0,False,2338303
2338303-0,57833,circle,50,11,0,,0,0.0,0,True,2338303
2338303-0,57937,circle,50,11,0,,0,0.0,0,False,2338303
2338303-0,58041,slider,50,11,0,P|14:36|4:85,1,90.2000027526856,0,False,2338303
2338303-0,58458,circle,46,213,10,,0,0.0,0,False,2338303
2338303-0,58666,slider,99,287,0,L|1:301,1,90.2000027526856,0,False,2338303
2338303-0,59083,circle,187,273,2,,0,0.0,0,False,2338303
2338303-0,59291,circle,160,382,8,,0,0.0,0,False,2338303
2338303-0,59395,circle,122,366,0,,0,0.0,0,False,2338303
2338303-0,59500,circle,104,328,0,,0,0.0,0,False,2338303
2338303-0,59708,slider,255,328,0,P|275:288|262:230,1,90.2000027526856,0,True,2338303
2338303-0,60125,circle,224,107,8,,0,0.0,0,False,2338303
2338303-0,60333,slider,158,41,0,P|138:81|151:139,1,90.2000027526856,0,False,2338303
2338303-0,60750,slider,194,229,0,L|88:242,1,90.2000027526856,0,False,2338303
2338303-0,61062,circle,104,239,0,,0,0.0,0,False,2338303
2338303-0,61166,circle,104,239,2,,0,0.0,0,False,2338303
2338303-0,61375,circle,295,174,0,,0,0.0,0,True,2338303
2338303-0,61583,slider,295,174,0,P|381:203|461:159,1,180.400005505371,0,False,2338303
2338303-0,62208,circle,511,44,0,,0,0.0,0,False,2338303
2338303-0,62416,circle,393,0,0,,0,0.0,0,False,2338303
2338303-0,62625,circle,371,125,8,,0,0.0,0,False,2338303
2338303-0,63041,slider,451,384,0,L|465:282,1,90.2000027526856,0,True,2338303
2338303-0,63458,slider,349,205,0,L|335:307,1,90.2000027526856,0,False,2338303
2338303-0,63875,slider,431,223,0,P|475:212|515:237,1,90.2000027526856,0,False,2338303
2338303-0,64291,slider,371,363,0,P|327:374|287:349,1,90.2000027526856,0,False,2338303
2338303-0,64708,circle,195,221,2,,0,0.0,0,True,2338303
2338303-0,64916,circle,301,96,0,,0,0.0,0,False,2338303
2338303-0,65125,slider,183,28,0,L|188:120,1,90.2000027526856,0,False,2338303
2338303-0,65541,circle,291,200,2,,0,0.0,0,False,2338303
2338303-0,65750,circle,208,245,0,,0,0.0,0,False,2338303
2338303-0,65958,circle,133,196,8,,0,0.0,0,False,2338303
2338303-0,66166,circle,187,118,0,,0,0.0,0,False,2338303
2338303-0,66375,slider,208,245,0,P|129:284|53:240,1,180.400005505371,0,True,2338303
2338303-0,67000,circle,0,108,2,,0,0.0,0,False,2338303
2338303-0,67208,slider,0,108,0,P|79:69|155:113,1,180.400005505371,0,False,2338303
2338303-0,68041,slider,238,384,0,P|242:332|256:292,1,90.2000027526856,0,True,2338303
2338303-0,68458,slider,390,199,0,P|386:251|372:291,1,90.2000027526856,0,False,2338303
2338303-0,68875,slider,254,296,0,L|149:271,1,90.2000027526856,0,False,2338303
2338303-0,69291,circle,309,232,8,,0,0.0,0,False,2338303
2338303-0,69500,circle,409,188,10,,0,0.0,0,True,2338303
2338303-0,69604,circle,449,180,10,,0,0.0,0,False,2338303
2338303-0,69708,circle,489,174,6,,0,0.0,0,False,2338303
2338303-0,70125,circle,309,232,8,,0,0.0,0,False,2338303
2338303-0,70333,slider,304,105,0,L|299:3,1,90.2000027526856,0,False,2338303
2338303-0,70750,circle,419,97,0,,0,0.0,0,False,2338303
2338303-0,70958,circle,331,228,8,,0,0.0,0,False,2338303
2338303-0,71166,circle,207,188,2,,0,0.0,0,False,2338303
2338303-0,71375,circle,190,316,8,,0,0.0,0,True,2338303
2338303-0,71479,circle,187,338,8,,0,0.0,0,False,2338303
2338303-0,71583,circle,184,360,8,,0,0.0,0,False,2338303
2338303-0,71791,circle,244,253,8,,0,0.0,0,False,2338303
2338303-0,71895,circle,241,231,8,,0,0.0,0,False,2338303
2338303-0,71999,circle,238,209,8,,0,0.0,0,False,2338303
2338303-0,72208,slider,139,129,0,P|116:124|85:139,1,45.1000013763428,0,True,2338303
2338303-0,72416,slider,32,56,0,P|12:68|0:101,1,45.1000013763428,0,False,2338303
2338303-0,72625,circle,3,224,4,,0,0.0,0,True,2338303
2338303-0,72729,circle,30,270,4,,0,0.0,0,True,2338303
2338303-0,72833,circle,81,253,4,,0,0.0,0,True,2338303
2338303-0,72937,circle,85,199,4,,0,0.0,0,True,2338303
2338303-0,73041,circle,33,181,4,,0,0.0,0,True,2338303
2338303-0,73458,slider,495,345,0,P|456:362|408:352,1,90.2000027526856,0,False,2338303
2338303-0,73875,slider,319,162,0,L|326:251,1,90.2000027526856,0,False,2338303
2338303-0,74291,slider,441,285,0,L|434:196,1,90.2000027526856,0,False,2338303
2338303-0,74708,slider,355,32,0,P|311:23|270:40,1,90.2000027526856,0,True,2338303
2338303-0,75125,circle,319,162,8,,0,0.0,0,False,2338303
2338303-0,75333,slider,319,162,0,P|278:179|234:170,1,90.2000027526856,0,False,2338303
2338303-0,75750,circle,157,90,2,,0,0.0,0,False,2338303
2338303-0,75958,circle,270,40,8,,0,0.0,0,False,2338303
2338303-0,76062,circle,277,61,0,,0,0.0,0,False,2338303
2338303-0,76166,circle,276,83,0,,0,0.0,0,False,2338303
2338303-0,76375,slider,146,255,0,P|121:167|165:82,1,180.400005505371,0,True,2338303
2338303-0,77000,slider,217,294,0,P|185:326|128:331,1,90.2000027526856,0,False,2338303
2338303-0,77416,slider,298,329,0,P|330:361|387:366,1,90.2000027526856,0,False,2338303
2338303-0,77833,circle,142,333,2,,0,0.0,0,True,2338303
2338303-0,77937,circle,111,327,2,,0,0.0,0,False,2338303
2338303-0,78041,circle,83,303,2,,0,0.0,0,False,2338303
2338303-0,78250,slider,6,345,0,L|1:246,1,90.2000027526856,0,False,2338303
2338303-0,78666,slider,148,248,0,B|169:198|169:198|114:155|134:77,1,180.400005505371,0,False,2338303
2338303-0,79291,circle,264,0,8,,0,0.0,0,False,2338303
2338303-0,79500,circle,212,117,0,,0,0.0,0,False,2338303
2338303-0,79708,slider,102,0,0,P|144:-9|185:16,1,90.2000027526856,0,True,2338303
2338303-0,80125,circle,300,164,8,,0,0.0,0,False,2338303
2338303-0,80333,slider,326,81,0,P|284:72|243:97,1,90.2000027526856,0,False,2338303
2338303-0,80750,slider,272,245,0,P|314:254|355:229,1,90.2000027526856,0,False,2338303
2338303-0,81166,circle,412,140,2,,0,0.0,0,False,2338303
2338303-0,81375,circle,326,81,0,,0,0.0,0,True,2338303
2338303-0,81583,circle,425,33,0,,0,0.0,0,False,2338303
2338303-0,81791,circle,494,199,8,,0,0.0,0,False,2338303
2338303-0,82000,circle,390,246,0,,0,0.0,0,False,2338303
2338303-0,82208,circle,412,140,8,,0,0.0,0,True,2338303
2338303-0,82312,circle,428,152,8,,0,0.0,0,False,2338303
2338303-0,82416,circle,426,174,8,,0,0.0,0,False,2338303
2338303-0,82625,circle,365,253,4,,0,0.0,0,False,2338303
2338303-0,82729,circle,354,277,4,,0,0.0,0,False,2338303
2338303-0,82833,circle,360,301,4,,0,0.0,0,False,2338303
2338303-0,82937,circle,372,309,4,,0,0.0,0,False,2338303
2338303-0,83041,slider,379,313,0,L|468:322,2,82.0,0,True,2338303
2338303-0,84083,slider,124,358,0,L|35:367,2,82.0,0,False,2338303
2338303-0,84708,circle,205,351,4,,0,0.0,0,False,2338303
2338303-0,85125,circle,205,351,2,,0,0.0,0,True,2338303
2338303-0,85541,circle,314,193,2,,0,0.0,0,False,2338303
2338303-0,85854,circle,189,162,8,,0,0.0,0,True,2338303
2338303-0,85958,slider,189,162,0,L|193:207,1,41.0,0,False,2338303
2338303-0,86375,circle,254,384,6,,0,0.0,0,False,2338303
2338303-0,86479,spinner,256,192,0,,0,0.0,88875,True,2338303
2338303-0,93041,circle,142,173,4,,0,0.0,0,True,2338303
2338303-0,93458,slider,142,173,0,P|136:97|108:24,2,147.599995495606,0,False,2338303
2338303-0,94708,slider,210,267,0,P|130:275|66:303,2,147.599995495606,0,False,2338303
2338303-0,95958,circle,261,334,0,,0,0.0,0,False,2338303
2338303-0,96375,slider,342,384,0,L|354:215,1,147.599995495606,0,True,2338303
2338303-0,97000,circle,359,137,2,,0,0.0,0,False,2338303
2338303-0,97208,slider,359,137,0,P|432:149|513:143,1,147.599995495606,0,False,2338303
2338303-0,98041,slider,508,41,0,P|435:29|354:35,1,147.599995495606,0,False,2338303
2338303-0,98875,slider,268,0,0,L|272:80,1,73.7999977478028,0,False,2338303
2338303-0,99291,slider,267,157,0,L|263:237,1,73.7999977478028,0,False,2338303
2338303-0,99708,circle,243,333,4,,0,0.0,0,True,2338303
2338303-0,100125,slider,243,333,0,B|305:346|339:299|339:299|381:312,2,147.599995495606,0,False,2338303
2338303-0,101166,circle,181,384,2,,0,0.0,0,False,2338303
2338303-0,101375,slider,105,384,0,P|89:311|108:232,1,147.599995495606,0,False,2338303
2338303-0,102000,slider,180,186,0,P|194:114|178:42,1,147.599995495606,0,False,2338303
2338303-0,102625,slider,97,21,0,L|16:27,1,73.7999977478028,0,False,2338303
2338303-0,103041,slider,119,110,0,L|284:101,1,147.599995495606,0,True,2338303
2338303-0,103875,slider,327,177,0,L|179:185,1,147.599995495606,0,False,2338303
2338303-0,104708,circle,148,266,0,,0,0.0,0,True,2338303
2338303-0,105854,circle,428,32,0,,0,0.0,0,False,2338303
2338303-0,105958,slider,402,11,0,P|377:38|403:53,1,73.7999977478028,0,False,2338303
2338303-0,106375,slider,489,148,0,B|525:192|525:192|499:320,1,164.0,0,True,2338303
2338303-0,107104,circle,373,384,0,,0,0.0,0,False,2338303
2338303-0,107208,circle,368,365,0,,0,0.0,0,False,2338303
2338303-0,107416,circle,406,280,0,,0,0.0,0,False,2338303
2338303-0,107625,slider,257,221,0,L|266:304,1,82.0,0,False,2338303
2338303-0,108041,slider,332,212,0,P|297:229|251:217,1,82.0,0,True,2338303
2338303-0,108354,circle,190,273,0,,0,0.0,0,False,2338303
2338303-0,108458,slider,190,273,0,P|164:195|218:140,1,164.0,0,False,2338303
2338303-0,109291,slider,276,0,0,L|280:92,1,82.0,0,False,2338303
2338303-0,109708,slider,256,220,0,B|148:219|213:157|106:156,1,164.0,0,True,2338303
2338303-0,110333,circle,55,102,2,,0,0.0,0,False,2338303
2338303-0,110541,circle,95,20,2,,0,0.0,0,False,2338303
2338303-0,110645,circle,75,18,0,,0,0.0,0,False,2338303
2338303-0,110854,circle,144,84,0,,0,0.0,0,False,2338303
2338303-0,110958,slider,163,81,0,L|253:72,1,82.0,0,False,2338303
2338303-0,111375,slider,55,102,0,P|11:170|50:241,1,164.0,0,True,2338303
2338303-0,111895,circle,44,237,0,,0,0.0,0,False,2338303
2338303-0,112000,circle,44,237,0,,0,0.0,0,False,2338303
2338303-0,112208,slider,136,301,0,P|105:327|59:339,1,82.0,0,False,2338303
2338303-0,112625,circle,68,239,8,,0,0.0,0,False,2338303
2338303-0,112833,circle,163,280,0,,0,0.0,0,False,2338303
2338303-0,113041,slider,250,384,0,L|263:291,1,82.0,0,True,2338303
2338303-0,113458,slider,360,237,0,L|371:318,1,82.0,0,False,2338303
2338303-0,113875,slider,420,180,0,P|340:158|274:208,1,164.0,0,False,2338303
2338303-0,114708,slider,277,201,0,L|173:192,1,82.0,0,True,2338303
2338303-0,115125,slider,338,149,0,L|442:158,1,82.0,0,False,2338303
2338303-0,115541,slider,271,179,0,P|261:140|279:102,1,82.0,0,False,2338303
2338303-0,115958,circle,335,13,8,,0,0.0,0,False,2338303
2338303-0,116166,circle,252,0,0,,0,0.0,0,False,2338303
2338303-0,116375,slider,277,103,0,B|292:76|292:76|363:115|408:46,1,164.0,0,True,2338303
2338303-0,117000,circle,512,0,2,,0,0.0,0,False,2338303
2338303-0,117208,slider,512,116,0,L|498:289,1,164.0,0,False,2338303
2338303-0,117833,circle,483,384,0,,0,0.0,0,False,2338303
2338303-0,117937,circle,483,384,0,,0,0.0,0,False,2338303
2338303-0,118041,circle,483,384,10,,0,0.0,0,True,2338303
2338303-0,118250,circle,394,224,6,,0,0.0,0,False,2338303
2338303-0,118458,circle,405,324,10,,0,0.0,0,False,2338303
2338303-0,118666,circle,462,212,6,,0,0.0,0,False,2338303
2338303-0,118770,circle,462,212,4,,0,0.0,0,False,2338303
2338303-0,118875,slider,462,212,0,P|421:200|393:224,1,82.0,0,False,2338303
2338303-0,119291,circle,348,384,8,,0,0.0,0,False,2338303
2338303-0,119395,circle,318,348,8,,0,0.0,0,False,2338303
2338303-0,119500,circle,319,298,4,,0,0.0,0,False,2338303
2338303-0,119708,slider,193,355,0,P|155:367|115:341,1,82.0,0,True,2338303
2338303-0,120125,circle,71,239,8,,0,0.0,0,False,2338303
2338303-0,120333,slider,179,185,0,L|277:174,1,82.0,0,False,2338303
2338303-0,120750,slider,243,289,0,L|145:278,1,82.0,0,False,2338303
2338303-0,121166,circle,314,249,2,,0,0.0,0,True,2338303
2338303-0,121375,slider,362,156,0,P|375:117|352:77,1,82.0,0,False,2338303
2338303-0,121791,circle,257,0,8,,0,0.0,0,False,2338303
2338303-0,121895,slider,257,24,0,L|251:146,1,123.0,0,False,2338303
2338303-0,122416,slider,139,80,0,P|122:43|135:5,2,82.0,0,False,2338303
2338303-0,123041,circle,251,146,0,,0,0.0,0,True,2338303
2338303-0,123250,circle,171,207,0,,0,0.0,0,False,2338303
2338303-0,123458,circle,91,148,8,,0,0.0,0,False,2338303
2338303-0,123666,circle,167,83,0,,0,0.0,0,False,2338303
2338303-0,123875,slider,32,219,0,P|-8:145|25:80,1,164.0,0,False,2338303
2338303-0,124500,circle,136,7,2,,0,0.0,0,True,2338303
2338303-0,124708,slider,177,125,0,L|170:206,1,82.0,0,False,2338303
2338303-0,125125,circle,165,312,8,,0,0.0,0,False,2338303
2338303-0,125229,circle,165,333,8,,0,0.0,0,False,2338303
2338303-0,125541,circle,350,384,0,,0,0.0,0,False,2338303
2338303-0,125750,slider,350,384,0,L|356:302,1,82.0,0,False,2338303
2338303-0,126166,circle,369,194,0,,0,0.0,0,False,2338303
2338303-0,126375,slider,488,152,0,P|503:192|484:235,1,82.0,0,True,2338303
2338303-0,126791,slider,408,91,0,P|393:53|405:15,1,82.0,0,False,2338303
2338303-0,127208,circle,504,78,0,,0,0.0,0,False,2338303
2338303-0,127416,circle,504,78,0,,0,0.0,0,False,2338303
2338303-0,127625,slider,423,197,0,P|383:210|340:207,1,82.0,0,False,2338303
2338303-0,128041,slider,257,271,0,L|264:363,1,82.0,0,True,2338303
2338303-0,128458,slider,343,207,0,L|336:125,1,82.0,0,False,2338303
2338303-0,128875,circle,328,0,0,,0,0.0,0,False,2338303
2338303-0,129083,circle,328,0,0,,0,0.0,0,False,2338303
2338303-0,129291,circle,422,55,8,,0,0.0,0,False,2338303
2338303-0,129395,circle,442,51,8,,0,0.0,0,False,2338303
2338303-0,129708,slider,336,125,0,B|286:141|255:107|255:107|172:100,1,164.0,0,True,2338303
2338303-0,130333,slider,82,0,0,L|87:86,1,82.0,0,False,2338303
2338303-0,130750,circle,92,208,2,,0,0.0,0,False,2338303
2338303-0,130958,circle,2,149,8,,0,0.0,0,False,2338303
2338303-0,131062,circle,0,128,8,,0,0.0,0,False,2338303
2338303-0,131375,circle,179,100,0,,0,0.0,0,True,2338303
2338303-0,131583,circle,186,242,0,,0,0.0,0,False,2338303
2338303-0,131791,circle,236,171,8,,0,0.0,0,False,2338303
2338303-0,131895,circle,236,171,8,,0,0.0,0,False,2338303
2338303-0,132000,circle,236,171,4,,0,0.0,0,False,2338303
2338303-0,132208,circle,104,233,0,,0,0.0,0,True,2338303
2338303-0,132416,circle,232,318,0,,0,0.0,0,False,2338303
2338303-0,132625,circle,327,199,8,,0,0.0,0,False,2338303
2338303-0,132729,circle,333,155,8,,0,0.0,0,False,2338303
2338303-0,133041,spinner,256,192,8,,0,0.0,134500,True,2338303
2338303-0,134708,slider,119,60,0,B|143:73|143:73|216:62,1,90.2000027526856,0,True,2338303
2338303-0,135125,circle,342,7,8,,0,0.0,0,False,2338303
2338303-0,135333,circle,310,139,0,,0,0.0,0,False,2338303
2338303-0,135541,slider,205,63,0,P|173:142|223:221,1,180.400005505371,0,False,2338303
2338303-0,136166,circle,380,128,2,,0,0.0,0,True,2338303
2338303-0,136270,circle,345,131,2,,0,0.0,0,False,2338303
2338303-0,136375,circle,310,139,2,,0,0.0,0,False,2338303
2338303-0,136583,slider,368,217,0,P|418:207|470:204,1,90.2000027526856,0,False,2338303
2338303-0,137000,slider,405,329,0,P|355:319|303:316,1,90.2000027526856,0,False,2338303
2338303-0,137416,circle,180,384,2,,0,0.0,0,False,2338303
2338303-0,137625,circle,220,268,8,,0,0.0,0,False,2338303
2338303-0,137729,circle,229,292,0,,0,0.0,0,False,2338303
2338303-0,137833,circle,237,315,0,,0,0.0,0,False,2338303
2338303-0,138041,slider,114,218,0,L|122:129,1,90.2000027526856,0,True,2338303
2338303-0,138458,circle,131,0,8,,0,0.0,0,False,2338303
2338303-0,138666,slider,5,0,0,L|13:89,1,90.2000027526856,0,False,2338303
2338303-0,139083,circle,27,193,2,,0,0.0,0,False,2338303
2338303-0,139187,circle,27,193,2,,0,0.0,0,False,2338303
2338303-0,139291,circle,27,193,10,,0,0.0,0,False,2338303
2338303-0,139500,circle,139,117,2,,0,0.0,0,True,2338303
2338303-0,139604,circle,168,100,2,,0,0.0,0,False,2338303
2338303-0,139708,circle,205,107,2,,0,0.0,0,False,2338303
2338303-0,139916,slider,333,173,0,P|294:193|251:182,1,90.2000027526856,0,False,2338303
2338303-0,140333,slider,161,0,0,L|176:191,1,180.400005505371,0,False,2338303
2338303-0,140958,circle,188,298,8,,0,0.0,0,False,2338303
2338303-0,141166,circle,129,384,8,,0,0.0,0,False,2338303
2338303-0,141375,slider,283,365,0,P|333:360|380:350,1,90.2000027526856,0,True,2338303
2338303-0,141791,slider,512,224,0,P|467:215|422:211,1,90.2000027526856,0,False,2338303
2338303-0,142208,slider,448,384,0,L|459:289,1,90.2000027526856,0,False,2338303
2338303-0,142625,slider,303,189,0,L|313:278,1,90.2000027526856,0,False,2338303
2338303-0,143041,circle,478,134,2,,0,0.0,0,True,2338303
2338303-0,143250,circle,403,231,0,,0,0.0,0,False,2338303
2338303-0,143458,slider,337,51,0,B|456:37|456:37|427:40|402:81,1,180.400005505371,0,False,2338303
2338303-0,144083,circle,395,149,0,,0,0.0,0,False,2338303
2338303-0,144291,circle,471,115,8,,0,0.0,0,False,2338303
2338303-0,144500,circle,454,38,0,,0,0.0,0,False,2338303
2338303-0,144708,slider,276,0,0,P|232:77|270:158,1,180.400005505371,0,True,2338303
2338303-0,145333,circle,351,268,2,,0,0.0,0,False,2338303
2338303-0,145541,slider,457,255,0,P|479:296|465:340,1,90.2000027526856,0,False,2338303
2338303-0,145958,circle,360,384,8,,0,0.0,0,False,2338303
2338303-0,146375,slider,182,248,0,L|79:238,1,90.2000027526856,0,True,2338303
2338303-0,146791,circle,5,327,8,,0,0.0,0,False,2338303
2338303-0,147000,circle,113,384,0,,0,0.0,0,False,2338303
2338303-0,147208,slider,247,296,0,P|263:253|253:206,1,90.2000027526856,0,False,2338303
2338303-0,147625,circle,151,130,10,,0,0.0,0,False,2338303
2338303-0,147833,circle,46,235,10,,0,0.0,0,True,2338303
2338303-0,147937,circle,18,206,10,,0,0.0,0,False,2338303
2338303-0,148041,slider,5,176,0,P|-2:132|13:90,1,90.2000027526856,0,False,2338303
2338303-0,148458,circle,107,0,8,,0,0.0,0,False,2338303
2338303-0,148666,slider,159,126,0,P|114:122|69:138,1,90.2000027526856,0,False,2338303
2338303-0,149083,slider,227,192,0,P|272:196|317:180,1,90.2000027526856,0,False,2338303
2338303-0,149500,slider,121,207,2,L|129:267,1,45.1000013763428,0,True,2338303
2338303-0,149708,circle,134,299,2,,0,0.0,0,False,2338303
2338303-0,149916,circle,44,384,4,,0,0.0,0,False,2338303
2338303-0,150020,circle,28,367,4,,0,0.0,0,False,2338303
2338303-0,150125,circle,24,344,4,,0,0.0,0,False,2338303
2338303-0,150333,slider,141,254,0,L|149:314,1,45.1000013763428,0,True,2338303
2338303-0,150541,slider,176,374,0,P|204:374|232:358,1,45.1000013763428,0,False,2338303
2338303-0,150750,slider,314,384,0,P|326:355|310:330,1,45.1000013763428,0,False,2338303
2338303-0,150958,circle,255,263,8,,0,0.0,0,True,2338303
2338303-0,151062,circle,236,212,8,,0,0.0,0,True,2338303
2338303-0,151166,circle,275,175,8,,0,0.0,0,True,2338303
2338303-0,151270,circle,320,204,8,,0,0.0,0,True,2338303
2338303-0,151375,circle,306,256,4,,0,0.0,0,True,2338303
2338303-0,151791,circle,512,384,8,,0,0.0,0,False,2338303
2338303-0,152000,circle,446,268,0,,0,0.0,0,False,2338303
2338303-0,152208,slider,335,336,0,P|377:357|428:347,1,90.2000027526856,0,False,2338303
2338303-0,152625,circle,488,251,8,,0,0.0,0,False,2338303
2338303-0,152833,circle,391,119,2,,0,0.0,0,True,2338303
2338303-0,152937,circle,391,119,2,,0,0.0,0,False,2338303
2338303-0,153041,circle,391,119,2,,0,0.0,0,False,2338303
2338303-0,153250,slider,489,64,0,L|497:167,1,90.2000027526856,0,False,2338303
2338303-0,153666,slider,397,208,0,L|389:105,1,90.2000027526856,0,False,2338303
2338303-0,154083,circle,284,12,2,,0,0.0,0,False,2338303
2338303-0,154187,circle,257,6,2,,0,0.0,0,False,2338303
2338303-0,154291,circle,231,14,10,,0,0.0,0,False,2338303
2338303-0,154500,circle,191,170,2,,0,0.0,0,True,2338303
2338303-0,154604,circle,228,185,2,,0,0.0,0,False,2338303
2338303-0,154708,slider,268,179,0,P|271:128|256:84,1,90.2000027526856,0,False,2338303
2338303-0,155125,circle,143,0,8,,0,0.0,0,False,2338303
2338303-0,155333,slider,118,129,0,P|115:180|130:224,1,90.2000027526856,0,False,2338303
2338303-0,155750,slider,222,286,0,P|265:273|309:277,1,90.2000027526856,0,False,2338303
2338303-0,156166,circle,138,370,2,,0,0.0,0,True,2338303
2338303-0,156270,circle,93,363,2,,0,0.0,0,False,2338303
2338303-0,156375,circle,48,370,2,,0,0.0,0,False,2338303
2338303-0,156583,circle,0,217,2,,0,0.0,0,False,2338303
2338303-0,156791,circle,118,129,10,,0,0.0,0,False,2338303
2338303-0,157000,slider,33,44,0,L|44:148,1,90.2000027526856,0,False,2338303
2338303-0,157416,circle,52,233,0,,0,0.0,0,False,2338303
2338303-0,157625,circle,140,246,8,,0,0.0,0,False,2338303
2338303-0,157833,circle,83,307,0,,0,0.0,0,False,2338303
2338303-0,158041,slider,260,250,0,L|269:160,1,90.2000027526856,0,True,2338303
2338303-0,158458,circle,290,0,10,,0,0.0,0,False,2338303
2338303-0,158666,slider,226,72,0,P|181:79|134:66,1,90.2000027526856,0,False,2338303
2338303-0,159083,slider,290,0,0,P|335:-7|382:6,1,90.2000027526856,0,False,2338303
2338303-0,159500,circle,331,67,2,,0,0.0,0,True,2338303
2338303-0,159708,slider,505,0,0,B|502:33|475:58|475:58|523:104|490:170,1,180.400005505371,0,False,2338303
2338303-0,160333,circle,421,118,0,,0,0.0,0,False,2338303
2338303-0,160541,circle,366,211,8,,0,0.0,0,False,2338303
2338303-0,160645,circle,360,232,8,,0,0.0,0,False,2338303
2338303-0,160750,circle,362,254,4,,0,0.0,0,False,2338303
2338303-0,160958,circle,298,323,4,,0,0.0,0,False,2338303
2338303-0,161166,circle,223,384,4,,0,0.0,0,False,2338303
2338303-0,161270,circle,223,384,4,,0,0.0,0,False,2338303
2338303-0,161375,slider,223,384,0,P|208:342|209:295,2,82.0,0,True,2338303
2338303-0,162416,slider,300,303,0,P|298:262|284:223,2,82.0,0,False,2338303
2338303-0,163041,circle,222,282,8,,0,0.0,0,False,2338303
2338303-0,163250,circle,206,199,8,,0,0.0,0,False,2338303
2338303-0,163458,circle,371,201,10,,0,0.0,0,True,2338303
2338303-0,163666,circle,302,71,8,,0,0.0,0,False,2338303
2338303-0,163875,circle,439,0,6,,0,0.0,0,False,2338303
2338303-0,164083,slider,461,113,8,P|432:117|412:103,1,41.0,0,False,2338303
2338303-0,164291,circle,397,86,6,,0,0.0,0,False,2338303
2338303-0,164395,circle,407,72,4,,0,0.0,0,False,2338303
2338303-0,164500,circle,429,81,4,,0,0.0,0,False,2338303
2338303-0,164708,slider,512,210,0,B|460:205|431:251|431:251|359:189|268:180|268:180|249:226|192:229,1,360.800011010743,0,True,2338303
2338303-0,165750,circle,5,185,2,,0,0.0,0,False,2338303
2338303-0,165958,circle,185,147,10,,0,0.0,0,False,2338303
2338303-0,166166,circle,5,95,2,,0,0.0,0,False,2338303
2338303-0,166375,slider,130,7,0,B|138:64|84:85|84:85|86:98|81:111|81:111|130:232|130:232|123:239|126:254|126:254|77:273|73:330,1,360.800011010743,0,True,2338303
2338303-0,167416,circle,5,185,2,,0,0.0,0,False,2338303
2338303-0,167625,circle,161,251,10,,0,0.0,0,False,2338303
2338303-0,167833,circle,45,323,2,,0,0.0,0,False,2338303
2338303-0,168041,slider,164,369,0,P|208:348|252:345,1,90.2000027526856,0,True,2338303
2338303-0,168458,circle,415,364,10,,0,0.0,0,False,2338303
2338303-0,168666,slider,339,262,0,L|328:361,1,90.2000027526856,0,False,2338303
2338303-0,169083,slider,247,318,0,L|237:228,1,90.2000027526856,0,False,2338303
2338303-0,169500,slider,318,93,0,B|343:94|354:79|354:79|390:154|474:131,1,180.400005505371,0,True,2338303
2338303-0,170125,slider,512,23,0,P|470:26|432:77,1,90.2000027526856,0,False,2338303
2338303-0,170541,circle,383,176,0,,0,0.0,0,False,2338303
2338303-0,170750,circle,274,186,2,,0,0.0,0,False,2338303
2338303-0,170958,circle,217,72,10,,0,0.0,0,False,2338303
2338303-0,171166,circle,366,0,2,,0,0.0,0,False,2338303
2338303-0,171375,slider,186,0,0,P|139:75|186:142,1,180.400005505371,0,True,2338303
2338303-0,172000,slider,205,271,0,P|161:282|116:284,1,90.2000027526856,0,False,2338303
2338303-0,172416,slider,310,306,0,P|353:317|398:319,1,90.2000027526856,0,False,2338303
2338303-0,172833,circle,152,212,2,,0,0.0,0,False,2338303
2338303-0,173041,circle,112,384,0,,0,0.0,0,True,2338303
2338303-0,173250,circle,36,267,2,,0,0.0,0,False,2338303
2338303-0,173458,circle,205,271,8,,0,0.0,0,False,2338303
2338303-0,173666,circle,118,297,10,,0,0.0,0,False,2338303
2338303-0,173875,circle,24,247,4,,0,0.0,0,True,2338303
2338303-0,173979,circle,5,205,4,,0,0.0,0,True,2338303
2338303-0,174083,circle,34,170,4,,0,0.0,0,True,2338303
2338303-0,174187,circle,74,189,4,,0,0.0,0,True,2338303
2338303-0,174291,circle,75,233,4,,0,0.0,0,True,2338303
2338303-0,174708,slider,75,233,0,P|150:237|230:202,1,147.599995495606,0,True,2338303
2338303-0,175333,circle,256,141,0,,0,0.0,0,False,2338303
2338303-0,175750,circle,400,363,2,,0,0.0,0,False,2338303
2338303-0,175958,slider,349,305,0,P|346:234|365:153,1,147.599995495606,0,False,2338303
2338303-0,176791,circle,466,0,0,,0,0.0,0,False,2338303
2338303-0,177000,circle,500,68,0,,0,0.0,0,False,2338303
2338303-0,177208,circle,444,122,10,,0,0.0,0,True,2338303
2338303-0,177486,circle,337,63,2,,0,0.0,0,True,2338303
2338303-0,177833,circle,198,102,2,,0,0.0,0,True,2338303
2338303-0,178041,slider,185,0,0,B|156:39|156:39|193:74|175:138,1,147.599995495606,0,False,2338303
2338303-0,178666,circle,108,97,2,,0,0.0,0,False,2338303
2338303-0,179083,slider,234,202,0,P|163:218|99:183,1,147.599995495606,0,False,2338303
2338303-0,179708,slider,33,283,0,B|48:242|48:242|4:204|35:144,1,147.599995495606,0,True,2338303
2338303-0,180333,circle,99,183,0,,0,0.0,0,False,2338303
2338303-0,180750,slider,0,67,0,P|76:57|118:107,1,147.599995495606,0,False,2338303
2338303-0,181375,slider,199,160,0,P|205:85|220:-3,2,147.599995495606,0,True,2338303
2338303-0,182625,circle,212,290,10,,0,0.0,0,False,2338303
2338303-0,183041,slider,290,384,0,P|301:311|307:237,1,147.599995495606,0,False,2338303
2338303-0,183875,circle,285,95,0,,0,0.0,0,False,2338303
2338303-0,184291,circle,382,0,6,,0,0.0,0,False,2338303
2338303-0,184708,slider,495,79,0,P|459:92|413:80,1,82.0,0,True,2338303
2338303-0,185125,circle,295,17,0,,0,0.0,0,False,2338303
2338303-0,185333,circle,311,92,2,,0,0.0,0,False,2338303
2338303-0,185541,slider,197,171,0,P|233:158|279:170,1,82.0,0,False,2338303
2338303-0,185958,slider,244,317,0,L|239:226,1,82.0,0,False,2338303
2338303-0,186375,slider,364,158,0,L|352:346,1,164.0,0,True,2338303
2338303-0,187000,circle,409,384,0,,0,0.0,0,False,2338303
2338303-0,187208,slider,409,384,0,P|441:364|491:362,2,82.0,0,False,2338303
2338303-0,187833,circle,353,321,2,,0,0.0,0,False,2338303
2338303-0,188041,circle,296,384,2,,0,0.0,0,True,2338303
2338303-0,188319,circle,199,261,2,,0,0.0,0,True,2338303
2338303-0,188666,circle,401,151,2,,0,0.0,0,True,2338303
2338303-0,189083,circle,454,236,2,,0,0.0,0,False,2338303
2338303-0,189291,slider,454,236,0,P|490:215|495:162,1,82.0,0,False,2338303
2338303-0,189708,slider,501,84,0,B|458:86|458:86|405:46|343:88,1,164.0,0,True,2338303
2338303-0,190541,slider,164,50,0,P|206:52|253:33,1,82.0,0,False,2338303
2338303-0,190958,circle,336,0,10,,0,0.0,0,False,2338303
2338303-0,191166,circle,345,86,2,,0,0.0,0,False,2338303
2338303-0,191375,slider,211,156,0,P|169:154|122:173,1,82.0,0,True,2338303
2338303-0,191791,circle,105,258,0,,0,0.0,0,False,2338303
2338303-0,192000,slider,300,270,0,P|342:272|389:253,1,82.0,0,False,2338303
2338303-0,192416,circle,412,184,0,,0,0.0,0,False,2338303
2338303-0,192625,slider,224,229,0,L|218:316,1,82.0,0,False,2338303
2338303-0,193041,circle,292,384,0,,0,0.0,0,True,2338303
2338303-0,193250,circle,349,329,0,,0,0.0,0,False,2338303
2338303-0,193458,circle,295,181,0,,0,0.0,0,False,2338303
2338303-0,193666,circle,195,296,0,,0,0.0,0,False,2338303
2338303-0,193875,circle,109,164,8,,0,0.0,0,True,2338303
2338303-0,194083,circle,192,194,8,,0,0.0,0,False,2338303
2338303-0,194291,slider,26,228,0,P|-24:165|22:105,1,159.899992680359,0,True,2338303
2338303-0,194708,slider,85,88,0,P|86:47|79:2,2,82.0,0,True,2338303
2338303-0,195333,slider,142,156,0,P|171:127|198:90,2,82.0,0,False,2338303
2338303-0,195958,slider,127,249,0,P|168:250|212:243,2,82.0,0,False,2338303
2338303-0,196583,slider,89,328,0,P|117:357|154:384,2,82.0,0,False,2338303
2338303-0,197208,slider,8,357,0,P|-5:335|1:314,1,41.0,0,True,2338303
2338303-0,197416,slider,0,246,0,P|24:245|39:261,1,41.0,0,False,2338303
2338303-0,197625,circle,89,328,2,,0,0.0,0,True,2338303
2338303-0,197729,circle,127,297,2,,0,0.0,0,True,2338303
2338303-0,197833,circle,123,248,2,,0,0.0,0,True,2338303
2338303-0,197937,circle,77,228,2,,0,0.0,0,True,2338303
2338303-0,198041,circle,35,255,6,,0,0.0,0,True,2338303
2338303-0,211375,spinner,256,192,0,,0,0.0,212833,True,2338303
2338303-0,213041,slider,175,127,0,B|251:95|244:161|336:120,1,147.599995495606,0,True,2338303
2338303-0,213666,circle,377,69,2,,0,0.0,0,False,2338303
2338303-0,213875,circle,457,17,2,,0,0.0,0,True,2338303
2338303-0,213979,circle,485,26,0,,0,0.0,0,False,2338303
2338303-0,214083,circle,495,53,0,,0,0.0,0,False,2338303
2338303-0,214187,circle,483,80,0,,0,0.0,0,False,2338303
2338303-0,214291,circle,453,84,10,,0,0.0,0,True,2338303
2338303-0,214395,circle,442,40,10,,0,0.0,0,True,2338303
2338303-0,214500,circle,397,33,10,,0,0.0,0,True,2338303
2338303-0,214604,circle,377,69,10,,0,0.0,0,True,2338303
2338303-0,214708,circle,408,112,6,,0,0.0,0,True,2338303
2338303-0,215125,slider,185,369,0,P|139:376|93:353,1,90.2000027526856,0,False,2338303
2338303-0,215541,circle,22,207,2,,0,0.0,0,False,2338303
2338303-0,215750,circle,154,282,0,,0,0.0,0,False,2338303
2338303-0,215854,circle,154,282,0,,0,0.0,0,False,2338303
2338303-0,215958,slider,154,282,0,L|251:288,1,90.2000027526856,0,False,2338303
2338303-0,216270,circle,310,327,0,,0,0.0,0,True,2338303
2338303-0,216375,slider,310,327,0,L|407:333,1,90.2000027526856,0,False,2338303
2338303-0,216791,circle,505,195,8,,0,0.0,0,False,2338303
2338303-0,217000,slider,371,141,0,P|354:180|368:232,1,90.2000027526856,0,False,2338303
2338303-0,217416,slider,504,168,0,P|511:146|507:123,1,45.1000013763428,0,False,2338303
2338303-0,217625,circle,469,61,8,,0,0.0,0,False,2338303
2338303-0,217729,circle,420,38,0,,0,0.0,0,False,2338303
2338303-0,217833,circle,368,52,0,,0,0.0,0,False,2338303
2338303-0,217937,circle,343,58,0,,0,0.0,0,False,2338303
2338303-0,218041,slider,326,52,0,B|291:67|291:67|244:3|157:31,1,180.400005505371,0,True,2338303
2338303-0,218666,slider,201,189,0,P|218:150|204:98,1,90.2000027526856,0,False,2338303
2338303-0,219083,circle,86,0,0,,0,0.0,0,False,2338303
2338303-0,219187,circle,86,0,0,,0,0.0,0,False,2338303
2338303-0,219291,circle,86,0,8,,0,0.0,0,False,2338303
2338303-0,219500,circle,208,104,2,,0,0.0,0,True,2338303
2338303-0,219604,circle,187,62,2,,0,0.0,0,False,2338303
2338303-0,219708,circle,164,28,2,,0,0.0,0,False,2338303
2338303-0,219916,circle,130,136,2,,0,0.0,0,False,2338303
2338303-0,220125,circle,294,81,10,,0,0.0,0,False,2338303
2338303-0,220333,slider,223,272,0,L|126:262,1,90.2000027526856,0,False,2338303
2338303-0,220750,circle,7,248,0,,0,0.0,0,False,2338303
2338303-0,220958,circle,54,384,8,,0,0.0,0,False,2338303
2338303-0,221166,circle,154,354,0,,0,0.0,0,False,2338303
2338303-0,221375,slider,197,186,0,L|394:169,1,180.400005505371,0,True,2338303
2338303-0,222000,slider,504,258,0,P|522:300|500:348,1,90.2000027526856,0,False,2338303
2338303-0,222416,circle,371,384,0,,0,0.0,0,False,2338303
2338303-0,222625,circle,326,271,8,,0,0.0,0,False,2338303
2338303-0,222833,circle,441,301,2,,0,0.0,0,True,2338303
2338303-0,223041,slider,362,362,0,B|319:381|279:353|279:353|239:386|190:367,1,180.400005505371,0,False,2338303
2338303-0,223666,slider,55,304,0,P|131:258|211:295,1,180.400005505371,0,False,2338303
2338303-0,224291,slider,330,292,0,L|335:192,1,90.2000027526856,0,False,2338303
2338303-0,224708,circle,349,0,6,,0,0.0,0,True,2338303
2338303-0,224916,circle,316,68,2,,0,0.0,0,False,2338303
2338303-0,225125,circle,352,133,2,,0,0.0,0,False,2338303
2338303-0,225750,circle,165,384,2,,0,0.0,0,True,2338303
2338303-0,225958,circle,198,316,2,,0,0.0,0,False,2338303
2338303-0,226167,circle,162,251,2,,0,0.0,0,False,2338303
2338303-0,226375,circle,250,187,4,,0,0.0,0,True,2338303
2338303-0,226791,slider,250,187,0,P|181:144|99:164,1,164.0,0,False,2338303
2338303-0,227416,circle,319,265,0,,0,0.0,0,False,2338303
2338303-0,227520,slider,349,279,0,P|373:282|397:268,1,41.0,0,False,2338303
2338303-0,227729,slider,475,239,0,P|488:213|478:180,1,41.0,0,False,2338303
2338303-0,228041,slider,316,9,2,B|280:78|255:174|255:174|230:79|194:3,1,355.879985881226,0,True,2338303
2338303-0,231375,slider,46,157,0,P|23:161|-7:163,3,45.1000013763428,0,True,2338303
2338303-0,231791,slider,109,89,0,P|132:85|162:83,3,45.1000013763428,0,False,2338303
2338303-0,232208,slider,46,157,0,L|50:211,3,45.1000013763428,0,False,2338303
2338303-0,232625,slider,109,89,0,L|105:44,3,45.1000013763428,0,False,2338303
2338303-0,233041,circle,122,163,0,,0,0.0,0,True,2338303
2338303-0,233145,circle,139,158,0,,0,0.0,0,False,2338303
2338303-0,233250,circle,157,160,0,,0,0.0,0,False,2338303
2338303-0,233354,circle,173,167,0,,0,0.0,0,False,2338303
2338303-0,233458,circle,183,181,8,,0,0.0,0,True,2338303
2338303-0,233562,circle,214,198,0,,0,0.0,0,False,2338303
2338303-0,233666,circle,249,205,0,,0,0.0,0,False,2338303
2338303-0,233770,circle,284,198,0,,0,0.0,0,False,2338303
2338303-0,233875,slider,312,175,0,P|323:151|314:126,1,45.1000013763428,0,True,2338303
2338303-0,234083,slider,370,43,0,P|353:29|321:35,1,45.1000013763428,0,False,2338303
2338303-0,234291,circle,238,2,10,,0,0.0,0,True,2338303
2338303-0,234395,circle,214,54,2,,0,0.0,0,False,2338303
2338303-0,234500,circle,213,109,2,,0,0.0,0,False,2338303
2338303-0,234604,circle,238,164,2,,0,0.0,0,False,2338303
2338303-0,234708,slider,284,198,0,B|306:207|319:226|319:226|374:171|442:202,1,180.400005505371,0,True,2338303
2338303-0,235333,circle,509,316,2,,0,0.0,0,False,2338303
2338303-0,235541,slider,509,316,0,P|459:305|405:307,1,90.2000027526856,0,False,2338303
2338303-0,235958,slider,274,384,0,P|251:345|262:298,1,90.2000027526856,0,False,2338303
2338303-0,236375,slider,322,224,0,P|360:142|330:51,1,180.400005505371,0,True,2338303
2338303-0,237000,circle,193,0,2,,0,0.0,0,False,2338303
2338303-0,237208,slider,193,0,0,P|202:40|206:95,1,90.2000027526856,0,False,2338303
2338303-0,237625,circle,186,203,8,,0,0.0,0,False,2338303
2338303-0,237833,circle,280,140,0,,0,0.0,0,False,2338303
2338303-0,238041,slider,122,53,0,P|79:47|35:60,1,90.2000027526856,0,True,2338303
2338303-0,238458,slider,98,210,0,P|141:216|185:203,1,90.2000027526856,0,False,2338303
2338303-0,238875,slider,34,60,0,L|28:164,1,90.2000027526856,0,False,2338303
2338303-0,239291,slider,92,300,0,L|97:209,1,90.2000027526856,0,False,2338303
2338303-0,239708,circle,107,108,0,,0,0.0,0,True,2338303
2338303-0,239916,circle,107,108,0,,0,0.0,0,False,2338303
2338303-0,240125,slider,218,0,0,B|257:37|257:37|312:-8|383:24,1,180.400005505371,0,False,2338303
2338303-0,240958,circle,375,21,10,,0,0.0,0,True,2338303
2338303-0,241166,circle,344,152,8,,0,0.0,0,False,2338303
2338303-0,241270,circle,331,120,8,,0,0.0,0,False,2338303
2338303-0,241375,slider,330,86,0,B|390:120|438:70|438:70|506:77,1,180.400005505371,0,True,2338303
2338303-0,242000,circle,419,231,2,,0,0.0,0,False,2338303
2338303-0,242208,slider,419,231,0,P|375:249|328:246,1,90.2000027526856,0,False,2338303
2338303-0,242625,slider,204,140,0,P|159:138|118:156,1,90.2000027526856,0,False,2338303
2338303-0,243041,slider,1,268,0,L|185:233,1,180.400005505371,0,True,2338303
2338303-0,243666,circle,309,339,2,,0,0.0,0,False,2338303
2338303-0,243875,slider,198,384,0,P|147:318|185:230,1,180.400005505371,0,False,2338303
2338303-0,244708,slider,486,159,0,P|441:168|395:153,1,90.2000027526856,0,True,2338303
2338303-0,245125,slider,250,23,0,P|295:14|340:28,1,90.2000027526856,0,False,2338303
2338303-0,245541,slider,283,180,0,L|289:88,1,90.2000027526856,0,False,2338303
2338303-0,245958,slider,451,2,0,L|445:94,1,90.2000027526856,0,False,2338303
2338303-0,246375,slider,512,268,0,B|488:258|488:258|468:283|428:280,1,90.2000027526856,0,True,2338303
2338303-0,246791,circle,289,267,10,,0,0.0,0,False,2338303
2338303-0,247000,slider,236,352,0,P|278:367|324:355,1,90.2000027526856,0,False,2338303
2338303-0,247625,slider,289,267,0,P|247:252|201:264,1,90.2000027526856,0,True,2338303
2338303-0,248041,slider,30,384,0,P|-9:304|33:230,1,180.400005505371,0,True,2338303
2338303-0,248666,circle,170,152,2,,0,0.0,0,False,2338303
2338303-0,248875,slider,170,152,0,L|175:256,1,90.2000027526856,0,False,2338303
2338303-0,249291,slider,331,164,0,L|335:73,1,90.2000027526856,0,False,2338303
2338303-0,249708,slider,176,17,0,B|84:13|114:98|23:100,1,180.400005505371,0,True,2338303
2338303-0,250333,circle,167,102,2,,0,0.0,0,False,2338303
2338303-0,250541,slider,167,102,0,P|213:100|258:87,1,90.2000027526856,0,False,2338303
2338303-0,250958,circle,379,0,8,,0,0.0,0,False,2338303
2338303-0,251166,circle,438,114,0,,0,0.0,0,False,2338303
2338303-0,251375,slider,301,240,0,P|344:227|389:226,1,90.2000027526856,0,True,2338303
2338303-0,251791,slider,512,336,0,P|468:348|423:349,1,90.2000027526856,0,False,2338303
2338303-0,252208,slider,301,240,0,L|312:345,1,90.2000027526856,0,False,2338303
2338303-0,252625,slider,512,336,0,L|502:246,1,90.2000027526856,0,False,2338303
2338303-0,253041,slider,512,111,0,P|473:124|423:117,1,90.2000027526856,0,True,2338303
2338303-0,253458,circle,318,0,10,,0,0.0,0,False,2338303
2338303-0,253666,slider,224,54,0,P|186:133|223:211,1,180.400005505371,0,False,2338303
2338303-0,254291,circle,389,217,8,,0,0.0,0,False,2338303
2338303-0,254500,circle,321,384,8,,0,0.0,0,False,2338303
2338303-0,254604,circle,298,350,8,,0,0.0,0,False,2338303
2338303-0,254708,slider,293,311,0,P|311:189|359:46,2,270.600008258057,0,True,2338303
2338303-0,256375,slider,210,34,0,B|177:49|177:49|125:-13|46:23,1,180.400005505371,0,False,2338303
2338303-0,257000,circle,0,207,2,,0,0.0,0,False,2338303
2338303-0,257208,slider,107,97,0,P|114:186|97:285,1,180.400005505371,0,False,2338303
2338303-0,257833,circle,5,384,0,,0,0.0,0,False,2338303
2338303-0,258041,slider,5,384,0,P|-3:335|10:288,1,90.2000027526856,0,False,2338303
2338303-0,258458,circle,159,193,10,,0,0.0,0,True,2338303
2338303-0,258666,circle,147,348,2,,0,0.0,0,False,2338303
2338303-0,258875,circle,37,220,2,,0,0.0,0,False,2338303
2338303-0,259083,circle,100,274,2,,0,0.0,0,False,2338303
2338303-0,259291,circle,159,193,10,,0,0.0,0,False,2338303
2338303-0,259500,circle,88,144,2,,0,0.0,0,False,2338303
2338303-0,259708,slider,167,101,0,P|176:53|162:1,1,90.2000027526856,0,True,2338303
2338303-0,260125,slider,37,220,0,P|28:175|37:132,1,90.2000027526856,0,False,2338303
2338303-0,260541,circle,77,0,0,,0,0.0,0,False,2338303
2338303-0,260750,circle,167,101,0,,0,0.0,0,False,2338303
2338303-0,260958,circle,310,0,10,,0,0.0,0,False,2338303
2338303-0,261166,circle,345,186,8,,0,0.0,0,False,2338303
2338303-0,261270,circle,299,205,8,,0,0.0,0,False,2338303
2338303-0,261375,slider,259,181,0,P|268:102|342:99,1,164.0,0,True,2338303
2338303-0,262000,circle,496,176,0,,0,0.0,0,False,2338303
2338303-0,262104,circle,496,176,0,,0,0.0,0,False,2338303
2338303-0,262208,slider,496,176,0,L|506:75,1,82.0,0,False,2338303
2338303-0,262625,circle,381,208,8,,0,0.0,0,False,2338303
2338303-0,262833,circle,467,281,0,,0,0.0,0,False,2338303
2338303-0,263041,slider,331,367,0,B|301:367|286:344|286:344|234:382|170:344,1,164.0,0,True,2338303
2338303-0,263666,circle,122,258,0,,0,0.0,0,False,2338303
2338303-0,263770,circle,122,258,0,,0,0.0,0,False,2338303
2338303-0,263875,circle,111,222,2,,0,0.0,0,True,2338303
2338303-0,263979,circle,119,186,0,,0,0.0,0,False,2338303
2338303-0,264083,circle,153,174,0,,0,0.0,0,False,2338303
2338303-0,264187,circle,188,184,0,,0,0.0,0,False,2338303
2338303-0,264291,circle,205,216,8,,0,0.0,0,False,2338303
2338303-0,264500,circle,181,350,0,,0,0.0,0,False,2338303
2338303-0,264708,slider,207,244,0,P|214:160|201:70,1,164.0,0,True,2338303
2338303-0,265229,circle,219,47,0,,0,0.0,0,False,2338303
2338303-0,265333,circle,245,20,0,,0,0.0,0,False,2338303
2338303-0,265437,circle,281,14,0,,0,0.0,0,False,2338303
2338303-0,265541,circle,314,28,0,,0,0.0,0,False,2338303
2338303-0,265750,circle,294,158,2,,0,0.0,0,False,2338303
2338303-0,265958,circle,271,293,10,,0,0.0,0,False,2338303
2338303-0,266166,circle,405,384,2,,0,0.0,0,True,2338303
2338303-0,266270,circle,405,384,2,,0,0.0,0,False,2338303
2338303-0,266375,slider,405,384,0,L|425:217,1,164.0,0,False,2338303
2338303-0,266895,circle,429,184,0,,0,0.0,0,False,2338303
2338303-0,267000,circle,457,159,0,,0,0.0,0,False,2338303
2338303-0,267104,circle,490,173,0,,0,0.0,0,False,2338303
2338303-0,267208,slider,506,205,0,L|494:295,1,82.0,0,False,2338303
2338303-0,267625,circle,346,251,8,,0,0.0,0,False,2338303
2338303-0,267833,circle,377,82,8,,0,0.0,0,False,2338303
2338303-0,267937,circle,382,41,8,,0,0.0,0,False,2338303
2338303-0,268041,slider,388,0,0,B|383:37|383:37|323:-11|265:29,1,164.0,0,True,2338303
2338303-0,268666,circle,189,195,2,,0,0.0,0,False,2338303
2338303-0,268875,circle,121,82,0,,0,0.0,0,False,2338303
2338303-0,268979,circle,157,96,0,,0,0.0,0,False,2338303
2338303-0,269083,circle,197,86,0,,0,0.0,0,False,2338303
2338303-0,269291,slider,319,85,0,L|307:191,1,82.0,0,False,2338303
2338303-0,269708,slider,202,304,0,L|192:222,1,82.0,0,True,2338303
2338303-0,270125,slider,165,12,0,P|205:0|238:23,1,82.0,0,False,2338303
2338303-0,270541,circle,266,233,8,,0,0.0,0,False,2338303
2338303-0,270645,circle,228,240,8,,0,0.0,0,False,2338303
2338303-0,270750,circle,192,222,8,,0,0.0,0,False,2338303
2338303-0,270854,circle,187,176,8,,0,0.0,0,False,2338303
2338303-0,270958,circle,225,145,4,,0,0.0,0,True,2338303
2338303-0,271062,circle,229,124,4,,0,0.0,0,False,2338303
2338303-0,271166,circle,218,106,4,,0,0.0,0,False,2338303
2338303-0,271270,circle,198,99,4,,0,0.0,0,False,2338303
2338303-0,271375,slider,179,98,0,P|106:114|28:115,1,147.599995495606,0,True,2338303
2338303-0,272208,slider,350,273,0,P|423:289|501:290,1,147.599995495606,0,False,2338303
2338303-0,273041,circle,109,384,2,,0,0.0,0,False,2338303
2338303-0,273250,circle,0,332,8,,0,0.0,0,True,2338303
2338303-0,273354,circle,39,321,8,,0,0.0,0,False,2338303
2338303-0,273458,circle,81,312,4,,0,0.0,0,False,2338303
2338303-0,273666,circle,181,341,4,,0,0.0,0,False,2338303
2338303-0,273770,circle,192,315,4,,0,0.0,0,False,2338303
2338303-0,273875,circle,187,283,4,,0,0.0,0,False,2338303
2338303-0,274083,circle,126,222,4,,0,0.0,0,False,2338303
2338303-0,274291,circle,89,135,10,,0,0.0,0,True,2338303
2338303-0,274395,circle,55,90,10,,0,0.0,0,True,2338303
2338303-0,274500,circle,97,54,10,,0,0.0,0,True,2338303
2338303-0,274604,circle,130,98,10,,0,0.0,0,True,2338303
2338303-0,274708,slider,94,93,0,P|210:112|349:104,1,246.820003766174,0,True,2338303
2338303-0,276375,slider,500,21,0,P|418:25|340:13,1,158.670002421112,0,False,2338303
2338303-0,277520,circle,339,103,0,,0,0.0,0,True,2338303
2338303-0,277625,circle,371,109,0,,0,0.0,0,False,2338303
2338303-0,277833,slider,268,0,0,P|208:87|248:185,1,221.399993243408,0,True,2338303
